,PRD_CD,PRD_NM,vgn_bgn_dttm,vgn_end_dttm
0,202100018.0,프로젝트아모레 퍼즐우드 핸드크림 50ml,2022-07-04,2024-05-31
1,110770261.0,바이탈뷰티 메타그린 슬림 30일,2020-02-10,2025-02-09
2,110770572.0,바이탈뷰티 메타그린 슬림 14일(디자인),2020-02-10,2025-02-09
3,110770546.0,바이탈뷰티 메타그린 슬림 60일 기획세트,2020-02-10,2025-02-09
4,110770546.0,바이탈뷰티 메타그린 슬림 60일 기획세트,2020-02-10,2025-02-09
5,110770587.0,바이탈뷰티 메타그린 슬림 30일,2020-02-10,2025-02-09
6,110770642.0,바이탈뷰티 메타그린 슬림업 30일 (올리브영,2020-02-10,2025-02-09
7,110770608.0,바이탈뷰티 메타그린 슬림 180T 홀리데이,2020-02-10,2025-02-09
8,110770261.0,바이탈뷰티 메타그린 슬림 30일,2020-02-10,2025-02-09
9,110770587.0,바이탈뷰티 메타그린 슬림 30일,2020-02-10,2025-02-09
10,110770641.0,바이탈뷰티 메타그린 슬림업 14일 (올리브영,2020-02-10,2025-02-09
11,110770546.0,바이탈뷰티 메타그린 슬림 60일 기획세트,2020-02-10,2025-02-09
12,110770587.0,바이탈뷰티 메타그린 슬림 30일,2020-02-10,2025-02-09
13,110770639.0,바이탈뷰티 메타그린 슬림업 90일,2020-02-10,2025-02-09
14,110770472.0,바이탈뷰티 메타그린 슬림 90일,2020-02-10,2025-02-09
15,110770638.0,바이탈뷰티 메타그린 슬림업 60일,2020-02-10,2025-02-09
16,110770517.0,바이탈뷰티 메타그린 슬림 60일_(기획세트),2020-02-10,2025-02-09
17,110770388.0,바이탈뷰티 메타그린 슬림 30일 (소셜전용),2020-02-10,2025-02-09
18,110771046.0,바이탈뷰티 메타그린 슬림업 30+7일기획(OY),2020-02-10,2025-02-09
19,110770655.0,바이탈뷰티 메타그린 슬림업 100일 (라이브,2020-02-10,2025-02-09
20,110770261.0,바이탈뷰티 메타그린 슬림 30일,2020-02-10,2025-02-09
21,110771097.0,바이탈뷰티 메타그린 슬림업 30+10일 기획(OY),2020-02-10,2025-02-09
22,110770261.0,바이탈뷰티 메타그린 슬림 30일,2020-02-10,2025-02-09
23,110770643.0,바이탈뷰티 메타그린 슬림업 35일,2020-02-10,2025-02-09
24,110770638.0,바이탈뷰티 메타그린 슬림업 60일,2020-02-10,2025-02-09
25,110770638.0,바이탈뷰티 메타그린 슬림업 60일,2020-02-10,2025-02-09
26,110770637.0,바이탈뷰티 메타그린 슬림업 30일,2020-02-10,2025-02-09
27,110770587.0,바이탈뷰티 메타그린 슬림 30일,2020-02-10,2025-02-09
28,110770639.0,바이탈뷰티 메타그린 슬림업 90일,2020-02-10,2025-02-09
29,110770517.0,바이탈뷰티 메타그린 슬림 60일_(기획세트),2020-02-10,2025-02-09
30,110770899.0,바이탈뷰티 메타그린 슬림업 33일 굿즈기획(마멜)_OY,2020-02-10,2025-02-09
31,110771139.0,바이탈뷰티 메타그린 슬림업 14일 OY(AD)_24,2020-02-10,2025-02-09
32,110770546.0,바이탈뷰티 메타그린 슬림 60일 기획세트,2020-02-10,2025-02-09
33,110770637.0,바이탈뷰티 메타그린 슬림업 30일,2020-02-10,2025-02-09
34,110771152.0,바이탈뷰티 메타그린 슬림업 30일 굿즈기획(쿠로미OY,2020-02-10,2025-02-09
35,110770637.0,바이탈뷰티 메타그린 슬림업 30일,2020-02-10,2025-02-09
36,110770503.0,바이탈뷰티 메타그린 슬림 35일,2020-02-10,2025-02-09
37,110770261.0,바이탈뷰티 메타그린 슬림 30일,2020-02-10,2025-02-09
38,110770637.0,바이탈뷰티 메타그린 슬림업 30일,2020-02-10,2025-02-09
39,110770261.0,바이탈뷰티 메타그린 슬림 30일,2020-02-10,2025-02-09
40,110770634.0,바이탈뷰티 메타그린 슬림업 60일 (리필,2020-02-10,2025-02-09
41,110770261.0,바이탈뷰티 메타그린 슬림 30일,2020-02-10,2025-02-09
42,110770499.0,바이탈뷰티 메타그린 슬림 60일 (추석세트20년),2020-02-10,2025-02-09
43,110770639.0,바이탈뷰티 메타그린 슬림업 90일,2020-02-10,2025-02-09
44,110771133.0,바이탈뷰티 메타그린 슬림업 AD 30일(24),2020-02-10,2025-02-09
45,110770259.0,바이탈뷰티 메타그린 슬림 14일,2020-02-10,2025-02-09
46,110770985.0,바이탈뷰티 메타그린 슬림업 2입기획 (마멜)_EC,2020-02-10,2025-02-09
47,110770499.0,바이탈뷰티 메타그린 슬림 60일 (추석세트20년),2020-02-10,2025-02-09
48,110770517.0,바이탈뷰티 메타그린 슬림 60일_(기획세트),2020-02-10,2025-02-09
49,110770639.0,바이탈뷰티 메타그린 슬림업 90일,2020-02-10,2025-02-09
50,110770637.0,바이탈뷰티 메타그린 슬림업 30일,2020-02-10,2025-02-09
51,110770261.0,바이탈뷰티 메타그린 슬림 30일,2020-02-10,2025-02-09
52,110771139.0,바이탈뷰티 메타그린 슬림업 14일 OY(AD)_24,2020-02-10,2025-02-09
53,110770639.0,바이탈뷰티 메타그린 슬림업 90일,2020-02-10,2025-02-09
54,110770587.0,바이탈뷰티 메타그린 슬림 30일,2020-02-10,2025-02-09
55,110770259.0,바이탈뷰티 메타그린 슬림 14일,2020-02-10,2025-02-09
56,110770472.0,바이탈뷰티 메타그린 슬림 90일,2020-02-10,2025-02-09
57,110770261.0,바이탈뷰티 메타그린 슬림 30일,2020-02-10,2025-02-09
58,110771061.0,바이탈뷰티 메타그린 슬림업 30일 굿즈기획(포차코)_OY,2020-02-10,2025-02-09
59,110770637.0,바이탈뷰티 메타그린 슬림업 30일,2020-02-10,2025-02-09
60,110770589.0,바이탈뷰티 메타그린 슬림 60일,2020-02-10,2025-02-09
61,110770259.0,바이탈뷰티 메타그린 슬림 14일,2020-02-10,2025-02-09
62,110771139.0,바이탈뷰티 메타그린 슬림업 14일 OY(AD)_24,2020-02-10,2025-02-09
63,110770517.0,바이탈뷰티 메타그린 슬림 60일_(기획세트),2020-02-10,2025-02-09
64,110770639.0,바이탈뷰티 메타그린 슬림업 90일,2020-02-10,2025-02-09
65,110770589.0,바이탈뷰티 메타그린 슬림 60일,2020-02-10,2025-02-09
66,110770587.0,바이탈뷰티 메타그린 슬림 30일,2020-02-10,2025-02-09
67,110770499.0,바이탈뷰티 메타그린 슬림 60일 (추석세트20년),2020-02-10,2025-02-09
68,110770261.0,바이탈뷰티 메타그린 슬림 30일,2020-02-10,2025-02-09
69,110771136.0,바이탈뷰티 메타그린 슬림업 60일 리필 AD(24),2020-02-10,2025-02-09
70,110770587.0,바이탈뷰티 메타그린 슬림 30일,2020-02-10,2025-02-09
71,110770587.0,바이탈뷰티 메타그린 슬림 30일,2020-02-10,2025-02-09
72,110770261.0,바이탈뷰티 메타그린 슬림 30일,2020-02-10,2025-02-09
73,110770637.0,바이탈뷰티 메타그린 슬림업 30일,2020-02-10,2025-02-09
74,110770546.0,바이탈뷰티 메타그린 슬림 60일 기획세트,2020-02-10,2025-02-09
75,110771139.0,바이탈뷰티 메타그린 슬림업 14일 OY(AD)_24,2020-02-10,2025-02-09
76,110770438.0,바이탈뷰티 메타그린 슬림 14일*3개,2020-02-10,2025-02-09
77,110770587.0,바이탈뷰티 메타그린 슬림 30일,2020-02-10,2025-02-09
78,110771139.0,바이탈뷰티 메타그린 슬림업 14일 OY(AD)_24,2020-02-10,2025-02-09
79,110770261.0,바이탈뷰티 메타그린 슬림 30일,2020-02-10,2025-02-09
80,110770499.0,바이탈뷰티 메타그린 슬림 60일 (추석세트20년),2020-02-10,2025-02-09
81,110770261.0,바이탈뷰티 메타그린 슬림 30일,2020-02-10,2025-02-09
82,110770637.0,바이탈뷰티 메타그린 슬림업 30일,2020-02-10,2025-02-09
83,110770637.0,바이탈뷰티 메타그린 슬림업 30일,2020-02-10,2025-02-09
84,110771139.0,바이탈뷰티 메타그린 슬림업 14일 OY(AD)_24,2020-02-10,2025-02-09
85,110770587.0,바이탈뷰티 메타그린 슬림 30일,2020-02-10,2025-02-09
86,110770259.0,바이탈뷰티 메타그린 슬림 14일,2020-02-10,2025-02-09
87,110770637.0,바이탈뷰티 메타그린 슬림업 30일,2020-02-10,2025-02-09
88,110770686.0,바이탈뷰티 메타그린 슬림업 2입기획 (키티LTD),2020-02-10,2025-02-09
89,110770590.0,바이탈뷰티 메타그린 슬림 35일,2020-02-10,2025-02-09
90,110770259.0,바이탈뷰티 메타그린 슬림 14일,2020-02-10,2025-02-09
91,110770499.0,바이탈뷰티 메타그린 슬림 60일 (추석세트20년),2020-02-10,2025-02-09
92,110770612.0,바이탈뷰티 메타그린 슬림 57T (올리브영,2020-02-10,2025-02-09
93,110770589.0,바이탈뷰티 메타그린 슬림 60일,2020-02-10,2025-02-09
94,110770261.0,바이탈뷰티 메타그린 슬림 30일,2020-02-10,2025-02-09
95,110770259.0,바이탈뷰티 메타그린 슬림 14일,2020-02-10,2025-02-09
96,110770261.0,바이탈뷰티 메타그린 슬림 30일,2020-02-10,2025-02-09
97,110770261.0,바이탈뷰티 메타그린 슬림 30일,2020-02-10,2025-02-09
98,110770517.0,바이탈뷰티 메타그린 슬림 60일_(기획세트),2020-02-10,2025-02-09
99,110770656.0,바이탈뷰티 메타그린 슬림업 65일,2020-02-10,2025-02-09
100,110771139.0,바이탈뷰티 메타그린 슬림업 14일 OY(AD)_24,2020-02-10,2025-02-09
101,110770589.0,바이탈뷰티 메타그린 슬림 60일,2020-02-10,2025-02-09
102,110770641.0,바이탈뷰티 메타그린 슬림업 14일 (올리브영,2020-02-10,2025-02-09
103,110770472.0,바이탈뷰티 메타그린 슬림 90일,2020-02-10,2025-02-09
104,110770517.0,바이탈뷰티 메타그린 슬림 60일_(기획세트),2020-02-10,2025-02-09
105,110770472.0,바이탈뷰티 메타그린 슬림 90일,2020-02-10,2025-02-09
106,110770261.0,바이탈뷰티 메타그린 슬림 30일,2020-02-10,2025-02-09
107,110770261.0,바이탈뷰티 메타그린 슬림 30일,2020-02-10,2025-02-09
108,110770574.0,바이탈뷰티 메타그린 슬림_90일,2020-02-10,2025-02-09
109,110771140.0,바이탈뷰티 메타그린 슬림업 30일 OY(AD)_24,2020-02-10,2025-02-09
110,110770676.0,바이탈뷰티 메타그린 슬림업 24일 (올리브영,2020-02-10,2025-02-09
111,110770685.0,바이탈뷰티 메타그린 슬림업 24일 (올영,2020-02-10,2025-02-09
112,110770642.0,바이탈뷰티 메타그린 슬림업 30일 (올리브영,2020-02-10,2025-02-09
113,110770639.0,바이탈뷰티 메타그린 슬림업 90일,2020-02-10,2025-02-09
114,110770472.0,바이탈뷰티 메타그린 슬림 90일,2020-02-10,2025-02-09
115,110770517.0,바이탈뷰티 메타그린 슬림 60일_(기획세트),2020-02-10,2025-02-09
116,110770546.0,바이탈뷰티 메타그린 슬림 60일 기획세트,2020-02-10,2025-02-09
117,110770261.0,바이탈뷰티 메타그린 슬림 30일,2020-02-10,2025-02-09
118,110770638.0,바이탈뷰티 메타그린 슬림업 60일,2020-02-10,2025-02-09
119,110770261.0,바이탈뷰티 메타그린 슬림 30일,2020-02-10,2025-02-09
120,110771139.0,바이탈뷰티 메타그린 슬림업 14일 OY(AD)_24,2020-02-10,2025-02-09
121,110770389.0,바이탈뷰티 메타그린 슬림 60일,2020-02-10,2025-02-09
122,110770499.0,바이탈뷰티 메타그린 슬림 60일 (추석세트20년),2020-02-10,2025-02-09
123,110770261.0,바이탈뷰티 메타그린 슬림 30일,2020-02-10,2025-02-09
124,110770571.0,바이탈뷰티 메타그린 슬림 30일 (21) (올리브영 전용,2020-02-10,2025-02-09
125,110770261.0,바이탈뷰티 메타그린 슬림 30일,2020-02-10,2025-02-09
126,110770637.0,바이탈뷰티 메타그린 슬림업 30일,2020-02-10,2025-02-09
127,110770661.0,바이탈뷰티 메타그린 슬림업 30일 (소셜셀링,2020-02-10,2025-02-09
128,110770637.0,바이탈뷰티 메타그린 슬림업 30일,2020-02-10,2025-02-09
129,110770637.0,바이탈뷰티 메타그린 슬림업 30일,2020-02-10,2025-02-09
130,110770587.0,바이탈뷰티 메타그린 슬림 30일,2020-02-10,2025-02-09
131,110771139.0,바이탈뷰티 메타그린 슬림업 14일 OY(AD)_24,2020-02-10,2025-02-09
132,110770478.0,바이탈뷰티 메타그린 슬림 60일 (리필용),2020-02-10,2025-02-09
133,110771122.0,바이탈뷰티 슈퍼레티놀C 30포 (24),2023-09-02,2024-09-01
134,110771085.0,바이탈뷰티 슈퍼레티놀C 40포,2023-09-02,2024-09-01
135,110771056.0,바이탈뷰티 슈퍼레티놀C 30포,2023-09-02,2024-09-01
136,110771127.0,바이탈뷰티 슈퍼레티놀C 60포 (24),2023-09-02,2024-09-01
137,110771126.0,바이탈뷰티 슈퍼레티놀C 6포 (24),2023-09-02,2024-09-01
138,110771085.0,바이탈뷰티 슈퍼레티놀C 40포,2023-09-02,2024-09-01
139,110771093.0,바이탈뷰티 슈퍼레티놀C 6포,2023-09-02,2024-09-01
140,110771125.0,바이탈뷰티 슈퍼레티놀C 40포 (24),2023-09-02,2024-09-01
141,110771086.0,바이탈뷰티 슈퍼레티놀C 60포,2023-09-02,2024-09-01
142,110770637.0,바이탈뷰티 메타그린 슬림업 30일,2022-05-28,2024-05-27
143,110770661.0,바이탈뷰티 메타그린 슬림업 30일 (소셜셀링,2022-05-28,2024-05-27
144,110770637.0,바이탈뷰티 메타그린 슬림업 30일,2022-05-28,2024-05-27
145,110770637.0,바이탈뷰티 메타그린 슬림업 30일,2022-05-28,2024-05-27
146,110771139.0,바이탈뷰티 메타그린 슬림업 14일 OY(AD)_24,2022-05-28,2024-05-27
147,110770642.0,바이탈뷰티 메타그린 슬림업 30일 (올리브영,2022-05-28,2024-05-27
148,110770641.0,바이탈뷰티 메타그린 슬림업 14일 (올리브영,2022-05-28,2024-05-27
149,110770639.0,바이탈뷰티 메타그린 슬림업 90일,2022-05-28,2024-05-27
150,110770638.0,바이탈뷰티 메타그린 슬림업 60일,2022-05-28,2024-05-27
151,110771046.0,바이탈뷰티 메타그린 슬림업 30+7일기획(OY),2022-05-28,2024-05-27
152,110770655.0,바이탈뷰티 메타그린 슬림업 100일 (라이브,2022-05-28,2024-05-27
153,110771097.0,바이탈뷰티 메타그린 슬림업 30+10일 기획(OY),2022-05-28,2024-05-27
154,110771136.0,바이탈뷰티 메타그린 슬림업 60일 리필 AD(24),2022-05-28,2024-05-27
155,110770637.0,바이탈뷰티 메타그린 슬림업 30일,2022-05-28,2024-05-27
156,110771139.0,바이탈뷰티 메타그린 슬림업 14일 OY(AD)_24,2022-05-28,2024-05-27
157,110771139.0,바이탈뷰티 메타그린 슬림업 14일 OY(AD)_24,2022-05-28,2024-05-27
158,110770637.0,바이탈뷰티 메타그린 슬림업 30일,2022-05-28,2024-05-27
159,110770643.0,바이탈뷰티 메타그린 슬림업 35일,2022-05-28,2024-05-27
160,110770638.0,바이탈뷰티 메타그린 슬림업 60일,2022-05-28,2024-05-27
161,110770638.0,바이탈뷰티 메타그린 슬림업 60일,2022-05-28,2024-05-27
162,110770637.0,바이탈뷰티 메타그린 슬림업 30일,2022-05-28,2024-05-27
163,110770639.0,바이탈뷰티 메타그린 슬림업 90일,2022-05-28,2024-05-27
164,110770899.0,바이탈뷰티 메타그린 슬림업 33일 굿즈기획(마멜)_OY,2022-05-28,2024-05-27
165,110771139.0,바이탈뷰티 메타그린 슬림업 14일 OY(AD)_24,2022-05-28,2024-05-27
166,110770637.0,바이탈뷰티 메타그린 슬림업 30일,2022-05-28,2024-05-27
167,110771152.0,바이탈뷰티 메타그린 슬림업 30일 굿즈기획(쿠로미OY,2022-05-28,2024-05-27
168,110770637.0,바이탈뷰티 메타그린 슬림업 30일,2022-05-28,2024-05-27
169,110770637.0,바이탈뷰티 메타그린 슬림업 30일,2022-05-28,2024-05-27
170,110770634.0,바이탈뷰티 메타그린 슬림업 60일 (리필,2022-05-28,2024-05-27
171,110770639.0,바이탈뷰티 메타그린 슬림업 90일,2022-05-28,2024-05-27
172,110771133.0,바이탈뷰티 메타그린 슬림업 AD 30일(24),2022-05-28,2024-05-27
173,110770637.0,바이탈뷰티 메타그린 슬림업 30일,2022-05-28,2024-05-27
174,110771139.0,바이탈뷰티 메타그린 슬림업 14일 OY(AD)_24,2022-05-28,2024-05-27
175,110770637.0,바이탈뷰티 메타그린 슬림업 30일,2022-05-28,2024-05-27
176,110770686.0,바이탈뷰티 메타그린 슬림업 2입기획 (키티LTD),2022-05-28,2024-05-27
177,110770656.0,바이탈뷰티 메타그린 슬림업 65일,2022-05-28,2024-05-27
178,110771139.0,바이탈뷰티 메타그린 슬림업 14일 OY(AD)_24,2022-05-28,2024-05-27
179,110770641.0,바이탈뷰티 메타그린 슬림업 14일 (올리브영,2022-05-28,2024-05-27
180,110771140.0,바이탈뷰티 메타그린 슬림업 30일 OY(AD)_24,2022-05-28,2024-05-27
181,110770676.0,바이탈뷰티 메타그린 슬림업 24일 (올리브영,2022-05-28,2024-05-27
182,110770685.0,바이탈뷰티 메타그린 슬림업 24일 (올영,2022-05-28,2024-05-27
183,110770642.0,바이탈뷰티 메타그린 슬림업 30일 (올리브영,2022-05-28,2024-05-27
184,110770639.0,바이탈뷰티 메타그린 슬림업 90일,2022-05-28,2024-05-27
185,110770638.0,바이탈뷰티 메타그린 슬림업 60일,2022-05-28,2024-05-27
186,110771139.0,바이탈뷰티 메타그린 슬림업 14일 OY(AD)_24,2022-05-28,2024-05-27
187,110770985.0,바이탈뷰티 메타그린 슬림업 2입기획 (마멜)_EC,2022-05-28,2024-05-27
188,110770639.0,바이탈뷰티 메타그린 슬림업 90일,2022-05-28,2024-05-27
189,110770637.0,바이탈뷰티 메타그린 슬림업 30일,2022-05-28,2024-05-27
190,110771139.0,바이탈뷰티 메타그린 슬림업 14일 OY(AD)_24,2022-05-28,2024-05-27
191,110770639.0,바이탈뷰티 메타그린 슬림업 90일,2022-05-28,2024-05-27
192,110771061.0,바이탈뷰티 메타그린 슬림업 30일 굿즈기획(포차코)_OY,2022-05-28,2024-05-27
193,110770637.0,바이탈뷰티 메타그린 슬림업 30일,2022-05-28,2024-05-27
194,110771139.0,바이탈뷰티 메타그린 슬림업 14일 OY(AD)_24,2022-05-28,2024-05-27
195,110770639.0,바이탈뷰티 메타그린 슬림업 90일,2022-05-28,2024-05-27
196,110770695.0,바이탈뷰티 워터플러스에너지 자몽망고 10입,2023-01-26,2024-01-25
197,110770994.0,바이탈뷰티 워터플러스에너지 자몽망고 20입 기획세트,2023-01-26,2024-01-25
198,110770994.0,바이탈뷰티 워터플러스에너지 자몽망고 20입 기획세트,2023-01-26,2024-01-25
199,110770681.0,바이탈뷰티 워터플러스 리프레시_28g,2022-03-05,2024-03-04
200,110770681.0,바이탈뷰티 워터플러스 리프레시_28g,2022-03-05,2024-03-04
201,110770681.0,바이탈뷰티 워터플러스 리프레시_28g,2022-03-05,2024-03-04
202,110770682.0,바이탈뷰티 워터플러스 스파클링_67g,2022-03-05,2024-03-04
203,110770680.0,바이탈뷰티 워터플러스액티브 10입 56g,2022-03-05,2024-03-04
204,170014922.0,어웨어 클린 릴리프 마스크_흰목이버섯 23ML(기한표기),2020-11-11,2022-11-10
205,170014927.0,어웨어 클린 릴리프 마스크_흰목이버섯 10매입(기한표기),2020-11-11,2022-11-10
206,170014918.0,어웨어 클린 릴리프 마스크_히알루론산 23ML(기한표기),2020-11-11,2022-11-10
207,170014923.0,어웨어 클린 릴리프 마스크_히알루론산 10매입(기한표기),2020-11-11,2022-11-10
208,170014918.0,어웨어 클린 릴리프 마스크_히알루론산 23ML(기한표기),2020-11-11,2022-11-10
209,170014923.0,어웨어 클린 릴리프 마스크_히알루론산 10매입(기한표기),2020-11-11,2022-11-10
210,111270763.0,일리윤 세라마이드 더마 페이셜 크림 10ml(AD,2021-03-29,2023-03-28
211,111270661.0,일리윤 세라마이드 더마 페이셜 크림 80ml(21,2021-03-29,2023-03-28
212,111270762.0,일리윤 세라마이드 더마 페이셜 크림 50ml(AD,2021-03-29,2023-03-28
213,111270714.0,일리윤 세라마이드 더마 페이셜 크림 50ml(21,2021-03-29,2023-03-28
214,111270675.0,일리윤 세라마이드 더마 페이셜 크림 10ml(21,2021-03-29,2023-03-28
215,111270760.0,일리윤 세라마이드 더마 페이셜 크림 80ml(AD,2021-03-29,2023-03-28
216,111270662.0,일리윤 세라마이드 더마 속보습 스킨 180ml(21,2021-03-29,2023-03-28
217,111270715.0,일리윤 세라마이드 더마 속보습 스킨 100ml(21,2021-03-29,2023-03-28
218,111270676.0,일리윤 세라마이드 더마 속보습 스킨 25ml(21,2021-03-29,2023-03-28
219,111650350.0,한율 어린쑥 수분진정크림 80ML(17한정,2021-04-12,2023-04-11
220,111651262.0,한율 어린쑥 수분진정크림 65ml (23년오복컬렉션(한정(착인,2021-04-12,2023-04-11
221,111651309.0,한율 어린쑥 수분진정크림 리필캡슐30ml*2개입세트(착인,2021-04-12,2023-04-11
222,111650344.0,한율 어린쑥 수분진정크림 50ML(17AD,2021-04-12,2023-04-11
223,111650351.0,한율 어린쑥 수분진정토너 300ml('17,2021-04-12,2023-04-11
224,110651584.0,마몽드 캐모마일퓨어토너 500ML,2021-05-06,2023-05-05
225,110651228.0,마몽드 캐모마일퓨어토너 250ML,2021-05-06,2023-05-05
226,111650915.0,한율 어린쑥수분진정크림앰플 2종세트(21(EC(착인,2021-05-11,2023-05-10
227,111650973.0,한율 어린쑥수분진정앰플세럼 28ml(22(올리브영(착인,2021-05-11,2023-05-10
228,111650933.0,한율 어린쑥수분진정앰플세럼 28ml(21(한정(착인,2021-05-11,2023-05-10
229,111650886.0,한율 어린쑥수분진정앰플세럼 28ml(21(착인,2021-05-11,2023-05-10
230,111650809.0,한율 어린쑥 진정맑은 클렌징폼3입(20(면세,2021-05-25,2023-05-24
231,111650870.0,한율 어린쑥 진정맑은 클렌징폼2입(20(쿠팡,2021-05-25,2023-05-24
232,111650778.0,한율 어린쑥진정맑은클렌징오일 200ml(20AD,2021-05-25,2023-05-24
233,112150020.0,D 마몽드 로즈워터 토너 500ml [1+1 묶음],2021-05-25,2023-05-24
234,110652203.0,(글로벌)마몽드 로즈워터 토너 (본50ml),2021-05-25,2023-05-24
235,110651688.0,마몽드 센텔라트러블토너 150ml,2021-06-07,2023-06-06
236,110651629.0,마몽드 센텔라트러블토너 250ML,2021-06-07,2023-06-06
237,111650885.0,한율 어린쑥수분진정미스트세트 150ml(21(한정(착인,2021-06-11,2023-06-10
238,111650970.0,한율 어린쑥수분진정미스트세트 150ml(22(2월한정(올리브영(착인,2021-06-11,2023-06-10
239,111650727.0,한율 어린쑥수분진정미스트 150ml(20,2021-06-11,2023-06-10
240,110652228.0,마몽드 포어클린토너 500ml 듀오 세트 (22,2021-06-23,2023-06-22
241,110651163.0,마몽드 포어클린토너 AD250ML,2021-06-23,2023-06-22
242,110656072.0,마몽드 포어클린토너 320ML,2021-06-23,2023-06-22
243,110651377.0,마몽드 포어클린토너 AD250ML_글로벌(착인),2021-06-23,2023-06-22
244,110652121.0,마몽드 포어클린토너 250ML (TR4p,2021-06-23,2023-06-22
245,110651490.0,(글로벌) 마몽드 포어클린토너 50ml(착인),2021-06-23,2023-06-22
246,111413961.0,려 비건밝은새치커버 오리지널딥브라운밸류팩(2입(240G(36M(쿠팡(22,2021-07-02,2023-07-01
247,111414100.0,려 비건밝은새치커버 오리지널딥브라운밸류팩(2입(240G(36M(23,2021-07-02,2023-07-01
248,111413732.0,려 비건밝은새치커버 오리지널딥브라운 4.5 120g (22,2021-07-02,2023-07-01
249,111414097.0,려 비건밝은새치커버 오리지널딥브라운 4.5 120g (23(유통),2021-07-02,2023-07-01
250,111413962.0,려 비건밝은새치커버 로즈골드브라운 밸류팩(2입(240G(36M(쿠팡(22,2021-07-02,2023-07-01
251,111413733.0,려 비건밝은새치커버 로즈골드브라운 5.5 120g (22,2021-07-02,2023-07-01
252,111414101.0,려 비건밝은새치커버 로즈골드브라운 밸류팩(2입(240G(36M(23,2021-07-02,2023-07-01
253,111414098.0,려 비건밝은새치커버 로즈골드브라운 5.5 120g (23(유통),2021-07-02,2023-07-01
254,111413963.0,려 비건밝은새치커버 모카골드브라운 밸류팩(2입(240G(36M(쿠팡(22,2021-07-02,2023-07-01
255,111413734.0,려 비건밝은새치커버 모카골드브라운 7.0 120g (22,2021-07-02,2023-07-01
256,111414099.0,려 비건밝은새치커버 모카골드브라운 7.0 120g (23(유통),2021-07-02,2023-07-01
257,111414102.0,려 비건밝은새치커버 모카골드브라운 밸류팩(2입(240G(36M(23,2021-07-02,2023-07-01
258,110770515.0,바이탈뷰티 메타그린 바디핏 크림 130ml,2021-07-02,2023-07-01
259,210640079.0,(중국)프리메라 블랙씨드스칼프릴리프트리트먼트 200ML,2021-07-14,2022-07-13
260,111270440.0,일리윤 세라마이드아토집중크림 200ML*2+30ml(HP),2021-07-14,2022-07-13
261,111270495.0,일리윤 세라마이드 아토 집중크림 200ML (19AD),2021-07-14,2022-07-13
262,111270640.0,일리윤 세라마이드 아토 집중크림 150ML(올영(21AD,2021-07-14,2022-07-13
263,111270730.0,일리윤 세라마이드 아토 집중크림 100ML(21AD),2021-07-14,2022-07-13
264,111270717.0,일리윤 세라마이드 아토 집중크림 100ML,2021-07-14,2022-07-13
265,111270902.0,[단종]일리윤 세라마이드 아토 집중크림 150ML*2(올영(22(착인,2021-07-14,2022-07-13
266,111270642.0,일리윤 세라마이드 아토 집중크림 500ML (21AD),2021-07-14,2022-07-13
267,111270968.0,일리윤 세라마이드 아토 집중크림 150ML*2(올영(23(착인,2021-07-14,2022-07-13
268,111270975.0,일리윤 세라마이드 아토 집중크림 530ML(네이버(23,2021-07-14,2022-07-13
269,111270229.0,일리윤 세라마이드아토집중크림 175ML*2(ET E-PLT,2021-07-14,2022-07-13
270,111270497.0,일리윤 세라마이드 아토 집중크림 150ML (19AD),2021-07-14,2022-07-13
271,111270767.0,일리윤 세라마이드 아토 집중크림 500ML(21BI,2021-07-14,2022-07-13
272,111270419.0,일리윤 세라마이드아토집중크림 150ML (HDS,2021-07-14,2022-07-13
273,111270223.0,일리윤 세라마이드아토집중크림 500ML,2021-07-14,2022-07-13
274,111270496.0,일리윤 세라마이드 아토 집중크림 500ML (19AD),2021-07-14,2022-07-13
275,111270800.0,일리윤 세라마이드 아토 집중크림 150ML*2(올영(21(착인,2021-07-14,2022-07-13
276,111270368.0,일리윤 세라마이드아토집중크림 150ML,2021-07-14,2022-07-13
277,111270766.0,일리윤 세라마이드 아토 집중크림 200ML(21BI,2021-07-14,2022-07-13
278,111270951.0,일리윤 세라마이드 아토 집중크림 75ml(본(23,2021-07-14,2022-07-13
279,111270188.0,일리윤 세라마이드아토집중크림 200ML,2021-07-14,2022-07-13
280,111270641.0,일리윤 세라마이드 아토 집중크림 200ML (21AD),2021-07-14,2022-07-13
281,111270439.0,일리윤 세라마이드아토로션 350ML*2+50ml(HP),2021-08-13,2022-08-12
282,111270978.0,일리윤 세라마이드 아토로션 600ml PPG 단품기획(24(착인,2021-08-13,2022-08-12
283,111270780.0,일리윤 세라마이드 아토 로션 334ML(올영(21,2021-08-13,2022-08-12
284,111270499.0,일리윤 세라마이드 아토 로션 528ML (19AD),2021-08-13,2022-08-12
285,111270293.0,일리윤 세라마이드아토로션 528ML기획(EM,2021-08-13,2022-08-12
286,111270805.0,일리윤 세라마이드 아토 로션300*2+3종gwp(카카오(착인,2021-08-13,2022-08-12
287,111270287.0,일리윤 세라마이드아토로션기획(TA,2021-08-13,2022-08-12
288,111270727.0,일리윤 세라마이드 아토 로션528ml기획(21(쿠팡(기한표기,2021-08-13,2022-08-12
289,111270765.0,일리윤 세라마이드 아토 로션 528ML(21BI,2021-08-13,2022-08-12
290,111270544.0,일리윤 세라마이드 아토 로션기획 (올영19),2021-08-13,2022-08-12
291,111270795.0,일리윤 세라마이드 아토 로션 350ML+75ML(21AD(공용(착인,2021-08-13,2022-08-12
292,111270956.0,일리윤 세라마이드 아토 로션세트 334ML*2(올영(23(착인,2021-08-13,2022-08-12
293,111270847.0,일리윤 세라마이드 아토 로션 350+68ML(22(착인,2021-08-13,2022-08-12
294,111270929.0,일리윤 세라마이드 아토 로션 600+68ML(올영(23(착인,2021-08-13,2022-08-12
295,111270638.0,일리윤 세라마이드 아토 로션 300ML(네이버(23,2021-08-13,2022-08-12
296,111270753.0,일리윤 세라마이드 아토 로션 128ml(21BI,2021-08-13,2022-08-12
297,111270703.0,일리윤 세라마이드 아토 워터 로션 120ml(21),2021-08-13,2022-08-12
298,111270248.0,일리윤 세라마이드아토로션소셜기획(쿠팡),2021-08-13,2022-08-12
299,111270824.0,일리윤 세라마이드 아토 로션 350*2(올영어워즈(기한표기,2021-08-13,2022-08-12
300,111270432.0,일리윤 세라마이드아토 로션기획(랄라블라(18,2021-08-13,2022-08-12
301,111270286.0,일리윤 세라마이드아토로션350소셜기획(쿠팡),2021-08-13,2022-08-12
302,111270900.0,일리윤 세라마이드 아토 로션 350*2(22(ESG(착인,2021-08-13,2022-08-12
303,111270740.0,일리윤 세라마이드 아토 로션350 1종기획(공용21(기한표기,2021-08-13,2022-08-12
304,111270801.0,일리윤 세라마이드 아토 로션 330ML+128*2(E_PLT(AD(착인,2021-08-13,2022-08-12
305,111270559.0,일리윤 세라마이드 아토 로션기획 (공용19),2021-08-13,2022-08-12
306,111270736.0,일리윤 세라마이드 아토 로션 68ml(21AD(EC,2021-08-13,2022-08-12
307,111270636.0,일리윤 세라마이드 아토 로션 350ML(21AD),2021-08-13,2022-08-12
308,111270372.0,일리윤 세라마이드아토로션 264ML,2021-08-13,2022-08-12
309,111270637.0,일리윤 세라마이드 아토 로션 528ML(21AD,2021-08-13,2022-08-12
310,111270742.0,일리윤 세라마이드 아토 로션334ML+100ML(올영(21(착인,2021-08-13,2022-08-12
311,111270477.0,일리윤 세라마이드아토로션 350ML+264ML+50ML(창고형,2021-08-13,2022-08-12
312,111270921.0,일리윤 세라마이드 아토 로션 580ML(네이버(23,2021-08-13,2022-08-12
313,111270225.0,일리윤 세라마이드아토로션 528ML,2021-08-13,2022-08-12
314,111270667.0,일리윤 세라마이드 아토 로션350기획(올영21)(기한표기,2021-08-13,2022-08-12
315,111270849.0,일리윤 세라마이드 아토 로션 600ML*2(올영,2021-08-13,2022-08-12
316,111270906.0,일리윤 세라마이드 아토 로션 600+334ML(올영(22(착인,2021-08-13,2022-08-12
317,111270418.0,일리윤 세라마이드아토로션 264ML(HDS,2021-08-13,2022-08-12
318,111270658.0,일리윤 세라마이드 아토 로션 350 한정기획(올영20),2021-08-13,2022-08-12
319,111270741.0,일리윤 세라마이드 아토 로션528ML기획(21AD(쿠팡(착인,2021-08-13,2022-08-12
320,111270436.0,일리윤 세라마이드 아토 워터 로션 120ml,2021-08-13,2022-08-12
321,111270836.0,일리윤 세라마이드 아토 로션350+350+75(21(쿠팡(착인,2021-08-13,2022-08-12
322,111270901.0,일리윤 세라마이드 아토 로션 334ML*2(올영(22(착인,2021-08-13,2022-08-12
323,111270764.0,일리윤 세라마이드 아토 로션 350ML(21BI,2021-08-13,2022-08-12
324,111270401.0,일리윤 세라마이드아토로션워시세트(아,2021-08-13,2022-08-12
325,111270427.0,일리윤 세라마이드아토로션 350ml+50ml 로션기획(롭스),2021-08-13,2022-08-12
326,111270639.0,일리윤 세라마이드 아토 로션 600ML(올영(21,2021-08-13,2022-08-12
327,111270754.0,일리윤 세라마이드 아토 로션528ML+128ML(올영21(기한표기,2021-08-13,2022-08-12
328,111270618.0,일리윤 세라마이드아토로션&수딩젤 스마일기획 이베이,2021-08-13,2022-08-12
329,111270781.0,일리윤 세라마이드 아토 로션600ML+128ML(올영(21(착인,2021-08-13,2022-08-12
330,111270189.0,일리윤 세라마이드아토로션 350ML,2021-08-13,2022-08-12
331,111270747.0,일리윤 세라마이드 아토 로션 330ML+128*2(E_PLT(기한표기,2021-08-13,2022-08-12
332,111400017.0,에디션 by 일리윤 세라마이드 아토 로션 200ml(22,2021-08-13,2022-08-12
333,111270666.0,일리윤 세라마이드 아토 로션 68ml,2021-08-13,2022-08-12
334,111270498.0,일리윤 세라마이드 아토 로션 350ML (19AD),2021-08-13,2022-08-12
335,111650892.0,한율 힘찬콩 탄력 세럼 30ml (올(21(착인,2021-08-26,2022-08-25
336,111650955.0,한율 힘찬콩 탄력 세럼 30ml 올영 증량 기획(한정(착인(22,2021-08-26,2022-08-25
337,111651310.0,한율 힘찬콩 탄력 세럼 30ml 엔드 단품기획 (23(올(착인,2021-08-26,2022-08-25
338,111650903.0,한율 힘찬콩 탄력 세럼 15ml (올(21,2021-08-26,2022-08-25
339,111650893.0,한율 힘찬콩 탄력 크림 60ml (올(21(착인,2021-08-26,2022-08-25
340,111650956.0,한율 힘찬콩 탄력 크림 60ml 올영 증량 기획(한정(착인(22,2021-08-26,2022-08-25
341,110640836.0,프리메라 후리앤후리 트리오 200ML*3개(TR(19,2021-09-07,2022-09-06
342,110641308.0,프리메라 후리앤후리 390ML (23_NC,2021-09-07,2022-09-06
343,110643244.0,프리메라 후리앤후리 200ML.,2021-09-07,2022-09-06
344,110641159.0,프리메라 후리앤후리 200ML (21AD_NC백TR,2021-09-07,2022-09-06
345,110640576.0,프리메라 후리앤후리 200ML (18AD,2021-09-07,2022-09-06
346,110641005.0,프리메라 후리앤후리더블기획,2021-09-07,2022-09-06
347,110640577.0,프리메라 후리앤후리 듀오 200ML*2개(TR(18AD,2021-09-07,2022-09-06
348,110640490.0,프리메라 후리앤후리 200ML (17AD (2),2021-09-07,2022-09-06
349,110640226.0,프리메라 후리앤후리 200ML (16AD,2021-09-07,2022-09-06
350,110641325.0,프리메라 후리앤후리 145ML 올영기획세트(23,2021-09-07,2022-09-06
351,110641264.0,프리메라 후리앤후리 커플세트(22(NC,2021-09-07,2022-09-06
352,110643557.0,프리메라 후리앤후리(버블타입) 200ML,2021-09-07,2022-09-06
353,110641214.0,프리메라 후리앤후리 맨 에.포. 클렌저 150ml(22,2021-09-07,2022-09-06
354,110640322.0,프리메라 후리앤후리 듀오 200ML*2개(면세,2021-09-07,2022-09-06
355,110640491.0,프리메라 후리앤후리 듀오 200ML*2개(TR (17AD,2021-09-07,2022-09-06
356,210640007.0,(중국)프리메라 후리앤후리 EX 200ML (18,2021-09-07,2022-09-06
357,210640189.0,(중국)프리메라 후리앤후리 200ML (19,2021-09-07,2022-09-06
358,110640298.0,프리메라 후리앤후리 200ML (17AD,2021-09-07,2022-09-06
359,110643378.0,프리메라 후리앤후리(12) 200ML,2021-09-07,2022-09-06
360,110640464.0,프리메라 후리앤후리 소프트폼 듀오 150ML*2EA (17AD (TR,2021-09-07,2022-09-06
361,110641160.0,프리메라 후리앤후리 소프트폼 150ML (21AD,2021-09-07,2022-09-06
362,110641150.0,프리메라 후리앤후리소프트폼 150ml 단품세트(21(역직구),2021-09-07,2022-09-06
363,110640838.0,프리메라 후리앤후리 소프트폼 트리오 150ML*3EA (19 (TR,2021-09-07,2022-09-06
364,210640008.0,(중국)프리메라 후리앤후리 EX 소프트폼 150ML (18,2021-09-07,2022-09-06
365,210640190.0,(중국)프리메라 후리앤후리 소프트폼 150ML (19,2021-09-07,2022-09-06
366,110640412.0,프리메라 후리앤후리 소프트폼 듀오 150ML*2EA ('17 (TR,2021-09-07,2022-09-06
367,210640181.0,(중국)프리메라 후리앤후리 EX 소프트폼 150ML (19,2021-09-07,2022-09-06
368,110030103.0,라보에이치 탈모완화두피강화샴푸바 80g,2021-09-29,2022-09-28
369,110030146.0,라보에이치 탈모완화두피강화샴푸바 거품망기획 80g(22,2021-09-29,2022-09-28
370,110980021.0,이너프 프로젝트 24에이치 유스 앰플 50ML(착인),2021-10-05,2022-10-04
371,110980003.0,이너프 프로젝트 에센셜 스킨 200ML(쿠팡) (착인),2021-10-06,2022-10-05
372,110980004.0,이너프 프로젝트 에센셜 로션 150ML(쿠팡) (착인),2021-10-06,2022-10-05
373,110980018.0,이너프 프로젝트 수분크림 2입세트(올영21)(착인),2021-10-06,2022-10-05
374,111291090.0,해피바스 정말순한바디밀크 1+1(18,2021-10-06,2022-10-05
375,111293691.0,해피바스 정말 순한 바디밀크 250ML.,2021-10-06,2022-10-05
376,111290146.0,해피바스 정말순한바디밀크 1+1(15,2021-10-06,2022-10-05
377,111290742.0,해피바스 정말순한바디밀크 1+1(17,2021-10-06,2022-10-05
378,111290553.0,해피바스 정말순한바디밀크 450*2(쿠팡),2021-10-06,2022-10-05
379,111294174.0,해피바스 정말순한바디밀크 1+1(14),2021-10-06,2022-10-05
380,111295750.0,해피바스 정말순한바디밀크 450ML(15,2021-10-06,2022-10-05
381,111290422.0,해피바스 정말순한바디밀크 450ML(17,2021-10-06,2022-10-05
382,111293242.0,해피바스 정말순한타입바디밀크 300ML.,2021-10-06,2022-10-05
383,111291087.0,해피바스 정말순한바디밀크 450ML(18,2021-10-06,2022-10-05
384,111295343.0,해피바스 정말순한바디밀크(13) 450ML,2021-10-06,2022-10-05
385,111290743.0,해피바스 정말순한바디밀크 300ML(17(SSM,2021-10-06,2022-10-05
386,111293562.0,해피바스 정말 순한 바디밀크 450ML.,2021-10-06,2022-10-05
387,111291109.0,해피바스 정말순한바디밀크 450ML(HDS,2021-10-06,2022-10-05
388,111292250.0,해피바스 정말 순한 바디밀크 400g (23년AD),2021-10-06,2022-10-05
389,111291283.0,해피바스 정말순한바디밀크 450ML(RRP(19,2021-10-06,2022-10-05
390,111294145.0,해피바스 정말순한바디밀크(13) 1+1,2021-10-06,2022-10-05
391,111290441.0,해피바스 정말순한바디밀크 300ML(15(SSM,2021-10-06,2022-10-05
392,111294765.0,"해피바스 정말순한바디밀크(1+1,2011)",2021-10-06,2022-10-05
393,111295061.0,해피바스 정말순한바디밀크(11) 450ML,2021-10-06,2022-10-05
394,111295391.0,해피바스 정말순한바디밀크 450ML(14),2021-10-06,2022-10-05
395,111291106.0,해피바스 정말촉촉한바디밀크 450ML(HDS,2021-10-06,2022-10-05
396,111294764.0,"해피바스 정말촉촉한바디밀크(1+1,2011)",2021-10-06,2022-10-05
397,111295344.0,해피바스 정말촉촉한바디밀크450ML(13),2021-10-06,2022-10-05
398,111290147.0,해피바스 정말촉촉한바디밀크 1+1(15,2021-10-06,2022-10-05
399,111290746.0,해피바스 정말촉촉한바디밀크 300ML(17(SSM,2021-10-06,2022-10-05
400,111290440.0,해피바스 정말촉촉한바디밀크 300ML(15(SSM,2021-10-06,2022-10-05
401,111293688.0,해피바스 정말 촉촉한 바디밀크 250ML.,2021-10-06,2022-10-05
402,111295749.0,해피바스 정말촉촉한바디밀크 450ML(15,2021-10-06,2022-10-05
403,111293559.0,해피바스 정말 촉촉한 바디밀크 450ML.,2021-10-06,2022-10-05
404,111292249.0,해피바스 정말 촉촉한 바디밀크 400g (23년AD),2021-10-06,2022-10-05
405,111290554.0,해피바스 정말촉촉한바디밀크 450*2(쿠팡),2021-10-06,2022-10-05
406,111291091.0,해피바스 정말촉촉한바디밀크 1+1(18,2021-10-06,2022-10-05
407,111295375.0,해피바스 정말촉촉한바디밀크 200ML,2021-10-06,2022-10-05
408,111290745.0,해피바스 정말촉촉한바디밀크 1+1(17,2021-10-06,2022-10-05
409,111295259.0,해피바스 정말촉촉한바디밀크 450ML(EM),2021-10-06,2022-10-05
410,111290421.0,해피바스 정말촉촉한바디밀크 450ML(17,2021-10-06,2022-10-05
411,111291086.0,해피바스 정말촉촉한바디밀크 450ML(18,2021-10-06,2022-10-05
412,111293241.0,해피바스 정말촉촉한바디밀크 300ML.,2021-10-06,2022-10-05
413,111295059.0,해피바스 정말촉촉한바디밀크(11) 450ML,2021-10-06,2022-10-05
414,111291282.0,해피바스 정말촉촉한바디밀크 450ML(RRP(19,2021-10-06,2022-10-05
415,111295577.0,해피바스 정말촉촉한바디밀크 200ML,2021-10-06,2022-10-05
416,111294146.0,해피바스 정말촉촉한바디밀크(13) 1+1,2021-10-06,2022-10-05
417,110651791.0,마몽드 프로바이오틱스세라마이드인텐스크림 60ml(21(착인),2021-10-25,2022-10-24
418,110652309.0,마몽드 프로바이오틱스세라마이드 인텐스크림60ml(23AD(착인),2021-10-25,2022-10-24
419,110652188.0,마몽드 프로바이오틱스 세라마이드 크림 60ml (21(착인)_리프레임,2021-10-25,2022-10-24
420,110652189.0,마몽드 프로바이오틱스세라마이드크림 단품기획(OY(21(착인_리프레임,2021-10-25,2022-10-24
421,110651790.0,마몽드 프로바이오틱스 세라마이드 크림 60ml (21(착인),2021-10-25,2022-10-24
422,110652084.0,마몽드 프로바이오틱스 세라마이드크림 단품기획세트(MBS(21(착인),2021-10-25,2022-10-24
423,110980029.0,이너프 프로젝트 약산성 샴푸 스위트 피치 430ML (21AD),2022-01-13,2023-01-12
424,110980014.0,이너프 프로젝트 약산성 샴푸 스위트 피치 430ml,2022-01-13,2023-01-12
425,110980013.0,이너프 프로젝트 약산성 샴푸 430ml,2022-01-13,2023-01-12
426,110980028.0,이너프 프로젝트 약산성 샴푸 430ML (21AD),2022-01-13,2023-01-12
427,110652081.0,마몽드 로즈 하이드라 글로리 앰플 50ml,2022-03-21,2023-03-20
428,110652251.0,마몽드 로즈 하이드라 글로리 앰플 22리미티드_50ml,2022-03-21,2023-03-20
429,110652247.0,마몽드 로즈 하이드라 글로리 앰플 50ml OY SET ('22(착인)),2022-03-21,2023-03-20
430,110652233.0,마몽드 로즈 하이드라 글로리 앰플(본품 12ml,2022-03-21,2023-03-20
431,111270665.0,일리윤 시카 컬러 립밤_착인,2022-03-21,2023-03-20
432,111292153.0,해피바스 오리지널컬렉션 오리지널바디워시 910g*2(쿠팡,2022-03-21,2023-03-20
433,111292126.0,해피바스 오리지널컬렉션 오리지널바디워시 500G,2022-03-21,2023-03-20
434,111292169.0,해피바스 오리지널컬렉션 오리지널바디워시 180G,2022-03-21,2023-03-20
435,111292088.0,해피바스 오리지널컬렉션 오리지널바디워시 910G,2022-03-21,2023-03-20
436,111292093.0,해피바스 오리지널컬렉션 클린코튼바디워시 910G,2022-03-21,2023-03-20
437,111292231.0,해피바스 오리지널컬렉션 클린코튼바디워시 180G,2022-03-21,2023-03-20
438,111292230.0,해피바스 오리지널컬렉션 클린코튼바디워시 500G,2022-03-21,2023-03-20
439,111292405.0,해피바스 체리 블로썸 바디워시 900g,2022-03-21,2023-03-20
440,111292092.0,해피바스 오리지널컬렉션 체리블로썸바디워시 910G,2022-03-21,2023-03-20
441,111292239.0,해피바스 오리지널컬렉션 체리블로썸바디워시 500G(다이소,2022-03-21,2023-03-20
442,111292091.0,해피바스 오리지널컬렉션 프레시로즈바디워시 910G,2022-03-21,2023-03-20
443,111292129.0,해피바스 오리지널컬렉션프레시로즈바디워시 500G,2022-03-21,2023-03-20
444,111292090.0,해피바스 오리지널컬렉션 솝라벤더바디워시 910G,2022-03-21,2023-03-20
445,111292238.0,해피바스 오리지널컬렉션 솝라벤더바디워시 500G(다이소,2022-03-21,2023-03-20
446,111292154.0,해피바스 오리지널컬렉션 베이비파우더바디워시 910g*2(쿠팡,2022-03-21,2023-03-20
447,111292127.0,해피바스 오리지널컬렉션 베이비파우더바디워시 500G,2022-03-21,2023-03-20
448,111292089.0,해피바스 오리지널컬렉션 베이비파우더바디워시 910G,2022-03-21,2023-03-20
449,111040004.0,롱테이크 블랙티앤피그 소프트닝 트리트먼트 200ml,2022-03-31,2023-03-30
450,111040003.0,롱테이크 샌달우드 인텐시브 트리트먼트 200ml,2022-03-31,2023-03-30
451,111040013.0,롱테이크 샌달우드 인텐시브 헤어 오일 50ml,2022-03-31,2023-03-30
452,111040014.0,롱테이크 블랙티앤피그 소프트닝 헤어 오일 50ml,2022-03-31,2023-03-30
453,111040000.0,롱테이크 샌달우드 인텐시브 샴푸 300ML,2022-03-31,2023-03-30
454,111040109.0,롱테이크 샌달우드 인텐시브 샴푸 300ML (우리은행VVIP,2022-03-31,2023-03-30
455,111040001.0,롱테이크 블랙티앤피그 소프트닝 샴푸 300ML,2022-03-31,2023-03-30
456,111292074.0,[비건]해피바스 마이크로미셀라 약산성 딥클렌징폼 150G(22,2022-04-25,2023-04-24
457,110030143.0,라보에이치 탈모증상완화 트리트먼트 두피강화 리브르 200ml(22,2022-04-25,2023-04-24
458,110030144.0,라보에이치 탈모증상완화 트리트먼트 두피강화 진저릴리 200ml(22,2022-04-25,2023-04-24
459,110030141.0,라보에이치 탈모증상완화 샴푸 두피강화 리브르 337ml(22,2022-04-25,2023-04-24
460,110030142.0,라보에이치 탈모증상완화 샴푸 두피강화 진저릴리 337ml(22,2022-04-25,2023-04-24
461,111292237.0,해피바스 오리지널컬렉션 자몽바디워시 910g*2(쿠팡,2022-04-26,2023-04-25
462,111292156.0,해피바스 오리지널컬렉션자몽바디워시 910G,2022-04-26,2023-04-25
463,111292157.0,해피바스 오리지널컬렉션자몽바디워시 500G,2022-04-26,2023-04-25
464,111650515.0,중국)한율 어린쑥수분진정플루이드 125ml(19,2022-05-26,2023-05-25
465,111650008.0,한율 어린쑥수분진정플루이드 125ml,2022-05-26,2023-05-25
466,111651265.0,한율 어린쑥수분진정플루이드 125ml(23AD(착인,2022-05-26,2023-05-25
467,111650341.0,한율 어린쑥 수분진정플루이드 125ml(17AD,2022-05-26,2023-05-25
468,111650724.0,한율 어린쑥수분진정플루이드 125ml(20,2022-05-26,2023-05-25
469,110030225.0,라보에이치 탈모증상완화 샴푸 두피강화 페어앤프리지아 750ml(23,2022-05-26,2023-05-25
470,110030136.0,라보에이치 탈모증상완화 샴푸 두피강화 페어앤프리지아 400ml(21,2022-05-26,2023-05-25
471,110030135.0,라보에이치 탈모증상완화 샴푸 두피강화 블랑쉬앤우디 400ml(21,2022-05-26,2023-05-25
472,110030230.0,라보에이치 탈모증상완화 샴푸 두피강화 블랑쉬앤우디 750ml(23,2022-05-26,2023-05-25
473,111650996.0,한율 달빛유자 비타C 선크림 50ml (단품기획세트),2022-06-08,2023-06-07
474,111650952.0,한율 달빛유자 비타C 선크림 50ml (21,2022-06-08,2023-06-07
475,111651226.0,한율 달빛유자 비타C 선크림 50ml_OY단품기획세트,2022-06-08,2023-06-07
476,111650995.0,한율 달빛유자 비타C 토너 150ml (단품기획세트),2022-06-08,2023-06-07
477,111650948.0,한율 달빛유자 비타C 토너 150ml (21,2022-06-08,2023-06-07
478,110651791.0,마몽드 프로바이오틱스세라마이드인텐스크림 60ml(21(착인),2022-06-08,2023-06-07
479,110652309.0,마몽드 프로바이오틱스세라마이드 인텐스크림60ml(23AD(착인),2022-06-08,2023-06-07
480,110652246.0,마몽드 로즈 파하 리퀴드 마스크 OY 단품기획 ('22 (착인,2022-06-15,2023-06-14
481,110652225.0,마몽드 로즈+파하 리퀴드 마스크_80ml,2022-06-15,2023-06-14
482,110652252.0,마몽드 로즈+파하 리퀴드 마스크 리미티드 (본80ml,2022-06-15,2023-06-14
483,110652314.0,마몽드 플로라글로우 로즈리퀴드마스크_80ml,2022-06-15,2023-06-14
484,110652226.0,마몽드 포어 클리어 마스터 80ml (22),2022-06-15,2023-06-14
485,111650994.0,한율 다홍매실 각질정화 토너 300ml_22,2022-06-15,2023-06-14
486,111292121.0,해피바스 오리지널 컬렉션 오리지널 바디오일250mL,2022-06-24,2023-06-23
487,111292255.0,해피바스 오리지널컬렉션 오리지널 바디오일 250ml*2입 (올영기획),2022-06-24,2023-06-23
488,111292122.0,해피바스 오리지널 컬렉션 베이비파우더 바디오일 250ml,2022-06-24,2023-06-23
489,111292116.0,해피바스 오리지널 컬렉션 오리지널 바디로션 500g,2022-06-24,2023-06-23
490,111292117.0,해피바스 오리지널 컬렉션 베이비파우더 바디로션 500g,2022-06-24,2023-06-23
491,111292118.0,해피바스 오리지널 컬렉션 클린코튼 바디로션 500g,2022-06-24,2023-06-23
492,111292119.0,해피바스 오리지널 컬렉션 카밍시카 바디로션 500g,2022-06-24,2023-06-23
493,111270592.0,일리윤 프레쉬모이스춰 딥클렌징폼 기획 140ml*2(올영전용),2022-06-24,2023-06-23
494,111270548.0,일리윤 프레쉬모이스춰 딥클렌징폼 140ml (20),2022-06-24,2023-06-23
495,111270574.0,일리윤 프레쉬모이스춰 딥클렌징폼 기획 120ml*2(롭스),2022-06-24,2023-06-23
496,111270832.0,일리윤 프레쉬모이스춰 딥클렌징폼 120g(22,2022-06-24,2023-06-23
497,111270716.0,일리윤 세라마이드 더마 약산성 클렌징폼 80g(21(기한표기,2022-06-24,2023-06-23
498,111270663.0,일리윤 세라마이드 더마 약산성 클렌징폼 120gl(21(기한표기,2022-06-24,2023-06-23
499,111270677.0,일리윤 세라마이드 더마 약산성 클렌징폼 15g(21(기한표기,2022-06-24,2023-06-23
500,110030096.0,라보에이치 탈모증상완화 샴푸 댄드러프클리닉 지성트러블비듬400ml(22,2022-06-24,2023-06-23
501,110030154.0,라보에이치 탈모증상완화 샴푸 댄드러프클리닉 지성트러블비듬 333ml(22,2022-06-24,2023-06-23
502,110030160.0,라보에이치 탈모증상완화 샴푸 댄드러프클리닉 지성트러블비듬 125ml(22,2022-06-24,2023-06-23
503,110030095.0,라보에이치 탈모증상완화 샴푸 댄드러프클리닉 일반건성비듬 400ml(22,2022-06-24,2023-06-23
504,110030153.0,라보에이치 탈모증상완화 샴푸 댄드러프클리닉 일반건성비듬 333ml(22,2022-06-24,2023-06-23
505,111413945.0,려 본초진 탈모증상완화 샴푸353ML(GEC(22,2022-07-21,2023-07-20
506,111040021.0,롱테이크 샌달우드 인텐시브 바디로션 200ML,2022-07-21,2023-07-20
507,111040022.0,롱테이크 블랙티앤피그 소프트닝 바디로션 200ML,2022-07-21,2023-07-20
508,110980001.0,이너프 프로젝트 클렌징 오일 150ML(쿠팡) (착인),2022-07-21,2023-07-20
509,110980005.0,이너프 프로젝트 올인원 에센스 75ML(쿠팡) (착인),2022-07-21,2023-07-20
